Kode,Saham Beredar
BISI,3000000000
AALI,1924688333
ANDI,9350000000
ANJT,3354175000
BWPT,31525291000
DSNG,10599842400
GOLL,3665000759
GZCO,6000000000
JAWA,3774685500
LSIP,6822863965
MAGP,9000000004
MGRO,3554445700
PALM,7119540356
PSGO,18850000000
SGRO,1890000000
SIMP,15816310000
SMAR,2872193366
SSMS,9525000000
UNSP,2500162344
BEEF,1884312565
DSFI,1857135500
ADRO,31985962000
ARII,3000000000
BORN,17693000000
BOSS,1400000000
BSSR,2616500000
BUMI,65476942288
BYAN,3333333500
DEWA,21853733792
DOID,8619817982
DSSA,770552320
FIRE,1475362946
GEMS,5882353000
GTBO,2500000000
HRUM,2703620000
INDY,5210192000
ITMG,1129925000
KKGI,5000000000
MBAP,1227271952
MYOH,2206312500
PTBA,11520659250
PTRO,1008605000
SMMT,3150000000
SMRU,12499385782
TOBA,8049964000
TRAM,49643625618
APEX,2659850000
ARTI,7840000000
BIPI,44693066193
ELSA,7298500000
ENRG,10342179272
ESSA,14300000000
MEDC,17916081914
MITI,1411550800
MTFN,31842082852
PKPK,600000000
RUIS,770000000
SURE,1497576771
WOWS,2475720000
ANTM,24030764725
BRMS,62322456902
CITA,3370734900
CKRA,5106021090
DKFT,5638246600
IFSH,2125000000
INCO,9936338720
MDKA,21897591650
PSAB,26460000000
TINS,7447753454
ZINC,25250000000
CTTH,1230839821
INTP,3681231699
SMBR,9932534336
SMCB,7662900000
SMGR,5931520000
WSBP,26361157534
WTON,8715466600
AMFG,434000000
ARNA,7341430976
CAKK,1203300006
KIAS,14929100000
MARK,3800000310
MLIA,1323000000
TOTO,10320000000
ALKA,507665055
ALMI,616000000
BAJA,1800000000
BTON,720000000
CTBN,800371500
GDST,9242500000
GGRP,12111376157
INAI,633600000
ISSP,7185992035
JKSW,150000000
KRAS,19346396900
LION,520160000
LMSH,96000000
NIKL,2523350000
PICO,568375000
PURE,1333333500
TBMS,367340000
ADMG,3889179559
AGII,3066660000
BRPT,89015991245
DPNS,331129952
EKAD,698775000
ETWA,968297000
INCI,196121237
MDKI,2530150002
MOLI,2334888498
SRSN,6020000000
TDPM,10485050500
TPIA,17833520260
UNIC,383331363
AKPI,680000000
APLI,1362671400
BRNA,979110000
ESIP,640000000
FPNI,5566414000
IGAR,972204500
IMPC,4833500000
IPOL,6443379509
PBID,1875000000
SMKL,3400000000
TALF,1353435000
TRST,2808000000
YPAS,668000089
CPIN,16398000000
CPRO,59572382787
JPFA,11726575201
MAIN,2238750000
SIPD,1339102579
IFII,9412000000
SINI,450000000
SULI,3986916802
TIRT,1011774750
ALDO,1100000000
FASW,2477888787
INKP,5470982941
INRU,1388883283
KBRI,8687995734
KDSI,405000000
SPMA,2114570958
SWAT,3019200000
TKIM,3113223570
INCF,1438370465
INOV,1808221900
KMTR,8215366379
AMIN,1080000000
ARKA,2000000000
GMFI,28233511500
KPAL,1069009400
KRAH,971190000
ASII,40483553140
AUTO,4819733000
BOLT,2343750000
BRAM,450000000
GDYR,410000000
GJTL,3484800000
IMAS,2765278412
INDS,656249710
LPIN,425000000
MASA,9182946945
NIPS,1635333332
PRAS,701043478
SMSM,5758675440
ARGO,335557450
BELL,1450000000
CNTB,130000000
CNTX,70000000
ERTX,1286539792
ESTI,2015208720
HDTX,3601462800
INDR,654351707
MYTX,7747281949
PBRX,6478295611
POLU,750000000
POLY,2495753334
RICY,641717510
SRIL,20452176844
SSTM,1170909181
STAR,4800000602
TFCO,4823076400
TRIS,3141443806
UCID,4156572300
UNIT,75422200
ZONE,870171478
BATA,1300000000
BIMA,608175716
CCSI,1000000000
IKBI,1224000000
JECC,151200000
KBLI,4007235107
KBLM,1120000000
SCCO,205583400
VOKS,4155602595
JSKY,2032540000
PTSN,5314344000
SLIS,2000000000
ADES,589896800
AISA,3218600000
ALTO,2191870558
BTEK,46277496376
BUDI,4498997362
CAMP,5885000000
CEKA,595000000
CLEO,12000000000
COCO,560242105
DLTA,800659050
FOOD,650000000
GOOD,7379580291
HOKI,2378405500
ICBP,11661908000
IIKP,33600000000
INDF,8780426500
KEJU,1500000000
MGNA,1003080977
MLBI,2107000000
MYOR,22358699725
PANI,410000000
PCAR,1166666700
PSDN,1440000000
ROTI,6186488888
SKBM,1726003217
SKLT,690740500
STTP,1310000000
TBLA,5342098939
ULTJ,11553528000
GGRM,1924088000
HMSP,1.16E+11
ITIC,940720000
RMBA,36401136250
WIIM,2099873760
DVLA,1120000000
INAF,3099267500
KAEF,5554000000
KLBF,46875122110
MERK,448000000
PEHA,840000000
PYFA,535080000
SCPI,3600000
SIDO,15000000000
TSPC,4500000000
KINO,1428571500
KPAS,768042782
MBTO,1070000000
MRAT,428000000
TCID,201066667
UNVR,7630000000
CINT,1000000000
KICI,276000000
LMPI,1008517669
WOOD,6306250000
HRTA,4605262400
APLN,19364561700
ARMY,9006250000
ASRI,19649411888
BAPA,661784520
BAPI,5591740000
BCIP,1429915525
BEST,9647311150
BIKA,592280000
BIPP,5028669338
BKDP,7513992252
BKSL,55258666481
BSDE,19246696192
CITY,5402681154
COWL,4871214021
CPRI,2433375005
CTRA,18560303397
DART,3141390962
DILD,10365854185
DMAS,48198111100
DUTI,1850000000
ELTY,43521913019
EMDE,3350000000
FMII,2721000000
FORZ,1984009887
GAMA,10011027656
GMTD,101538000
GPRA,4276655336
GWSA,7800760000
JRPT,13750000000
KIJA,20824888369
KOTA,10488809600
LAND,2792620000
LCGP,5630000914
LPCK,2679600000
LPKR,70898018369
MABA,15365229912
MDLN,12533067322
MKPI,948194000
MMLP,6889134608
MPRO,9942500000
MTLA,7655126330
MTSM,232848000
MYRX,86703220792
MYRXP,1120995000
NIRO,22198871804
NZIA,2197538000
OMRE,1745000000
PAMG,3125000000
PLIN,3550000000
POLI,2010526400
POLL,8318823600
POSA,8388870005
PPRO,61675671883
PWON,48159602400
RBMS,2656212826
RDTX,268800000
REAL,6632640000
RIMO,45080600000
RISE,9950000000
RODA,13592128209
SATU,1250000000
SCBD,3322092000
SMDM,4772138237
SMRA,14426781680
TARA,10069645750
URBN,3232122586
ACST,700000000
ADHI,3560849376
CSIS,1307000000
DGIK,5541165000
IDPR,2003000000
JKON,16308519860
MTRA,770000000
NRCA,2496258344
PBSA,1500000000
PTPP,6199897354
SKRN,1500000000
SSIA,4705249440
TOPS,33330000000
TOTL,3410000000
WEGE,9572000000
WIKA,8969951372
WSKT,13573951000
KEEN,3666312500
KOPI,697266668
LAPD,3966350139
MPOW,816997053
PGAS,24241508196
POWR,16087156000
RAJA,4227082500
TGRA,2750000000
CASS,2086950000
CMNP,3620831944
IPCC,1818384820
JSMR,7257871200
KARW,587152700
META,17710708194
TEBE,1285000000
BTEL,36822665755
EXCL,10687960423
FREN,2.18E+11
ISAT,5433933500
JAST,813626700
TLKM,99062216600
AKSI,720000000
APOL,16452282461
ASSA,3397500000
BBRM,5367076248
BIRD,2502100000
BLTA,25940187103
BPTR,1550000000
BULL,11365338377
CANI,833440000
CMPP,10685124441
DEAL,1124748008
GIAA,25886576254
HELI,819000000
HITS,7101084801
IATA,10697665114
IPCM,5284811100
JAYA,375000105
KJEN,500000000
LEAD,4049616328
LRNA,350000022
MBSS,1750026639
MIRA,3961452039
NELY,2350000000
PORT,2813941985
PSSI,5417063153
PTIS,550165300
RIGS,609130000
SAFE,615145012
SAPX,833333300
SDMU,1135225000
SHIP,2719790000
SMDR,3275120000
SOCI,7059000000
TAMU,37500000000
TAXI,6145600000
TCPI,5000000000
TMAS,5705150000
TNCA,421640000
TPMA,2633300000
TRUK,435000000
WEHA,886411265
WINS,4243011640
BALI,3934592500
BUKK,2640452000
CENT,31183464900
GHON,550000000
GOLD,1277276000
IBST,1350904927
LCKM,1000000000
MTPS,2084769779
OASA,358600000
PPRE,10224271000
SUPR,1137579698
TBIG,22656999445
TOWR,51014625000
AGRO,21129857328
AGRS,7037266148
ARTO,1194187500
BABP,25099044726
BACA,6999771107
BBCA,24408459900
BBHI,4142587477
BBKP,11535389661
BBMD,4049189100
BBNI,18462169893
BBRI,1.22E+11
BBTN,10484100000
BBYB,6100164280
BCIC,9912003256
BDMN,9675817341
BEKS,63468336053
BGTG,11063309400
BINA,5597831250
BJBR,9740399289
BJTM,14852553796
BKSW,20232319124
BMAS,4399026922
BMRI,46199999998
BNBA,2286900000
BNGA,24880290775
BNII,75357433911
BNLI,27762311813
BRIS,9618952363
BSIM,16783894926
BSWD,1374912000
BTPN,8065876461
BTPS,7626663000
BVIC,8862427568
DNAR,6255641224
INPC,15638233267
MAYA,6764086593
MCOR,16465148150
MEGA,6894138227
NISP,22715776032
NOBU,4393533177
PNBN,23837645998
PNBS,23719447472
SDRA,6515116991
ADMF,1000000000
BBLD,1645796054
BFIN,15967115620
BPFI,1782663575
CFIN,3984520457
DEFI,676000000
FINN,1860225000
FUJI,1105000000
HDFA,6096972783
IBFN,1517321249
IMJS,5769550000
MFIN,2650000000
POLA,2727779300
TIFA,1079700000
TRUS,800000000
VRNA,5687353997
WOMF,3481481480
PADI,11307246524
PANS,720000000
RELI,1800000000
TRIM,7109300000
YULE,1785000000
ABDA,620806680
AHAP,2940000000
AMAG,5001552516
ASBI,348386472
ASDM,192000000
ASJT,600000000
ASMI,8958380460
ASRM,234064634
JMAS,1000000000
LIFE,2100000000
LPGI,150000000
MREI,517791681
MTWI,1525819116
PNIN,4068323920
TUGU,1777777800
VINS,1456453131
APIC,11766313488
BCAP,38906368927
BPII,562224662
CASA,54476232142
GSMF,7454723337
LPPS,2588250000
PNLF,32022073293
SMMA,6367664717
VICO,9150094680
AGAR,1000000000
AIMS,220000000
AKRA,4014694920
APII,1075760000
BLUE,418000000
BMSR,1159200024
BOGA,3803526210
CARS,15000000000
CLPI,306338500
CNKO,8956361206
DPUM,4175000000
DWGL,8706677231
EPMT,2708640000
FISH,480000000
GREN,4694111791
HADE,2120000000
HDIT,1524680000
HEXA,840000000
HKMU,3221750000
INPS,650000000
INTA,3339638262
INTD,591828000
IRRA,1600000000
KAYU,665000000
KOBX,2272500000
KONI,152000000
LTLS,1560000000
MDRN,7632167798
MICE,600000000
MPMX,4462963276
OKAS,1765927777
OPMS,1000000000
PMJS,13755600000
SDPC,1274000000
SPTO,2700000000
SQMI,15537591429
SUGI,24811541414
TFAS,1666666500
TGKA,918492750
TIRA,588000000
TRIL,1200000000
TURI,5580000000
UNTR,3730135136
WAPO,1240923111
WICO,1268950977
ZBRA,856133009
ACES,17150000000
AMRT,41524501700
CSAP,4458352920
DAYA,2420547025
DIVA,714285700
ECII,1334333000
ERAA,3190000000
GLOB,1111112000
HERO,4183634000
KIOS,717239900
KOIN,980843732
LPPF,2804883280
MAPA,2850400000
MAPI,16600000000
MCAS,867933300
MIDI,2882353000
MKNT,5000000000
MPPA,7529147920
NFCX,666667500
RALS,7096000000
RANC,1564487500
SKYB,585000000
SONA,331200000
TELE,7302194889
TRIO,26007494645
AKKU,6449463636
ARTA,446674175
BAYU,353220780
BUVA,6811269200
CLAY,2570000000
DFAM,1899582490
DUCK,1283330000
EAST,4126365990
FAST,1995138579
FITT,600000000
HOME,22212194782
HOTL,3550001452
HRME,5958750000
ICON,1089750000
IKAI,13305799387
INPP,11181971732
JGLE,22581909405
JIHD,2329040482
JSPT,2318736000
KPIG,80625726664
MAMI,12299116331
MAMIP,6000000
MAPB,2170922900
MINA,6562500000
NASA,11004929322
NATO,8000984700
NUSA,7700000110
PANR,1200000000
PDES,715000000
PGLI,488000000
PJAA,1599999996
PNSE,797813496
PSKT,10351231636
PTSP,220808000
PUDP,329560000
PZZA,3021875000
SHID,1119326168
SOTS,1000000005
ABBA,2755125000
BLTZ,873937142
DMMX,7692307700
EMTK,5642275242
FILM,9511217000
FORU,465224000
IPTV,35224848184
JTPE,1713012500
KBLV,1742167907
LINK,2863195484
LPLI,1170432803
MARI,5252644000
MDIA,39215538400
MNCN,14276103500
MSIN,5202000000
MSKY,1994370480
SCMA,14774672301
TMPO,1058333250
VIVA,16464270400
HEAL,2973000000
MIKA,14246349500
OCAP,273200000
PRDA,937500000
PRIM,3393432605
SAME,5900000000
SILO,1625765625
SRAJ,12000705445
ASGR,1348780500
ATIC,2315361355
DIGI,325000000
DNET,14184000000
ENVY,1800000000
GLVA,1500000000
LMAS,787851525
LUCK,715749640
MLPT,1875000000
MTDL,2455376917
ABMM,2753165000
BHIT,67767400934
BMTR,15334511286
BNBR,20863053480
KREN,18208470100
MLPL,14639632470
NICK,651150000
PEGE,2833417056
PLAS,1184200000
POOL,2341366164
SRTG,2712967000
BOLA,6000000000
DYAN,4272964279
GEMA,1600000000
INDX,437913588
ITMA,870701000
ITTG,1379000000
MFMI,757581000
SFAN,1062500100
SIMA,442589871
SOSS,655874505
YELO,380043597
